<metadata xml:lang="en"><Esri><CreaDate>20140725</CreaDate><CreaTime>00000000</CreaTime><ArcGISFormat>1.0</ArcGISFormat><SyncOnce>FALSE</SyncOnce><ModDate>20250304</ModDate><ModTime>09172600</ModTime><scaleRange><minScale>150000000</minScale><maxScale>100000</maxScale></scaleRange><ArcGISProfile>ItemDescription</ArcGISProfile><DataProperties><itemProps><itemName Sync="TRUE">hybas_na_lev08_v1cSWCASC</itemName><imsContentType Sync="TRUE">002</imsContentType><itemSize Sync="TRUE">0.000</itemSize><itemLocation><linkage Sync="TRUE">file://\\IGSWMCWNLT02164\C$\mvillarreal\Research\SW_CASC\GIS_data\Hydrosheds\hybas_na_lev08_v1cSWCASC.shp</linkage><protocol Sync="TRUE">Local Area Network</protocol></itemLocation></itemProps><coordRef><type Sync="TRUE">Geographic</type><geogcsn Sync="TRUE">GCS_WGS_1984</geogcsn><csUnits Sync="TRUE">Angular Unit: Degree (0.017453)</csUnits><peXml Sync="TRUE">&lt;GeographicCoordinateSystem xsi:type='typens:GeographicCoordinateSystem' xmlns:xsi='http://www.w3.org/2001/XMLSchema-instance' xmlns:xs='http://www.w3.org/2001/XMLSchema' xmlns:typens='http://www.esri.com/schemas/ArcGIS/3.3.0'&gt;&lt;WKT&gt;GEOGCS[&amp;quot;GCS_WGS_1984&amp;quot;,DATUM[&amp;quot;D_WGS_1984&amp;quot;,SPHEROID[&amp;quot;WGS_1984&amp;quot;,6378137.0,298.257223563]],PRIMEM[&amp;quot;Greenwich&amp;quot;,0.0],UNIT[&amp;quot;Degree&amp;quot;,0.0174532925199433],AUTHORITY[&amp;quot;EPSG&amp;quot;,4326]]&lt;/WKT&gt;&lt;XOrigin&gt;-400&lt;/XOrigin&gt;&lt;YOrigin&gt;-400&lt;/YOrigin&gt;&lt;XYScale&gt;11258999068426.238&lt;/XYScale&gt;&lt;ZOrigin&gt;-100000&lt;/ZOrigin&gt;&lt;ZScale&gt;10000&lt;/ZScale&gt;&lt;MOrigin&gt;-100000&lt;/MOrigin&gt;&lt;MScale&gt;10000&lt;/MScale&gt;&lt;XYTolerance&gt;8.983152841195215e-09&lt;/XYTolerance&gt;&lt;ZTolerance&gt;0.001&lt;/ZTolerance&gt;&lt;MTolerance&gt;0.001&lt;/MTolerance&gt;&lt;HighPrecision&gt;true&lt;/HighPrecision&gt;&lt;LeftLongitude&gt;-180&lt;/LeftLongitude&gt;&lt;WKID&gt;4326&lt;/WKID&gt;&lt;LatestWKID&gt;4326&lt;/LatestWKID&gt;&lt;/GeographicCoordinateSystem&gt;</peXml></coordRef><lineage><Process ToolSource="c:\arcgis\pro\Resources\ArcToolbox\toolboxes\Conversion Tools.tbx\ExportFeatures" Date="20250304" Time="091726">ExportFeatures hybas_na_lev08_v1c C:\mvillarreal\Research\SW_CASC\GIS_data\Hydrosheds\hybas_na_lev08_v1cSWCASC.shp # NOT_USE_ALIAS "HYBAS_ID "HYBAS_ID" true true false 11 Double 0 11,First,#,hybas_na_lev08_v1c,HYBAS_ID,-1,-1;NEXT_DOWN "NEXT_DOWN" true true false 11 Double 0 11,First,#,hybas_na_lev08_v1c,NEXT_DOWN,-1,-1;NEXT_SINK "NEXT_SINK" true true false 11 Double 0 11,First,#,hybas_na_lev08_v1c,NEXT_SINK,-1,-1;MAIN_BAS "MAIN_BAS" true true false 11 Double 0 11,First,#,hybas_na_lev08_v1c,MAIN_BAS,-1,-1;DIST_SINK "DIST_SINK" true true false 10 Double 1 9,First,#,hybas_na_lev08_v1c,DIST_SINK,-1,-1;DIST_MAIN "DIST_MAIN" true true false 10 Double 1 9,First,#,hybas_na_lev08_v1c,DIST_MAIN,-1,-1;SUB_AREA "SUB_AREA" true true false 10 Double 1 9,First,#,hybas_na_lev08_v1c,SUB_AREA,-1,-1;UP_AREA "UP_AREA" true true false 10 Double 1 9,First,#,hybas_na_lev08_v1c,UP_AREA,-1,-1;PFAF_ID "PFAF_ID" true true false 9 Long 0 9,First,#,hybas_na_lev08_v1c,PFAF_ID,-1,-1;ENDO "ENDO" true true false 6 Long 0 6,First,#,hybas_na_lev08_v1c,ENDO,-1,-1;COAST "COAST" true true false 6 Long 0 6,First,#,hybas_na_lev08_v1c,COAST,-1,-1;ORDER "ORDER" true true false 6 Long 0 6,First,#,hybas_na_lev08_v1c,ORDER,-1,-1;SORT "SORT" true true false 11 Double 0 11,First,#,hybas_na_lev08_v1c,SORT,-1,-1" #</Process></lineage></DataProperties><SyncDate>20250304</SyncDate><SyncTime>09172600</SyncTime></Esri><dataIdInfo><idPurp>HydroBASINS data provides a series of polygon layers that depict watershed boundaries and sub-basin delineations at a global scale. The goal of this product is to provide a seamless global coverage of consistently sized and hierarchically nested sub-basins at different scales (from tens to millions of square kilometers), supported by a coding scheme that allows for analysis of watershed topology such as up- and downstream connectivity.</idPurp><idCitation><resTitle>HydroBASINS North America, Level 8, Version 1.c - Sub-basins in standard format (without lakes)</resTitle><presForm><PresFormCd value="005" Sync="TRUE"></PresFormCd></presForm></idCitation><searchKeys><keyword>HydroBASINS</keyword><keyword>HydrSHEDS</keyword></searchKeys><dataExt><geoEle xmlns=""><GeoBndBox esriExtentType="search"><westBL>-138</westBL><eastBL>-52</eastBL><northBL>63</northBL><southBL>5</southBL><exTypeCode>1</exTypeCode></GeoBndBox></geoEle></dataExt><resConst><Consts><useLimit>&lt;DIV STYLE="text-align:Left;"&gt;&lt;DIV&gt;&lt;DIV&gt;&lt;P&gt;&lt;SPAN&gt;&lt;SPAN&gt;HydroBASINS is covered by the same License Agreement as the HydroSHEDS database, which is available at &lt;/SPAN&gt;&lt;/SPAN&gt;&lt;A href="http://www.hydrosheds.org"&gt;&lt;SPAN&gt;&lt;SPAN&gt;http://www.hydrosheds.org&lt;/SPAN&gt;&lt;/SPAN&gt;&lt;/A&gt;&lt;SPAN&gt;. For all regulations regarding license grants, copyright, redistribution restrictions, required attributions, disclaimer of warranty, indemnification, liability, waiver of damages, and a precise definition of licensed materials, please refer to the License Agreement. By downloading and using the data the user agrees to the terms and conditions of the License Agreement.&lt;/SPAN&gt;&lt;/P&gt;&lt;/DIV&gt;&lt;/DIV&gt;&lt;/DIV&gt;</useLimit></Consts></resConst><idCredit>The HydroBASINS product has been developed on behalf of World Wildlife Fund US (WWF), with support and in collaboration with the EU BioFresh project, Berlin, Germany; the International Union for Conservation of Nature (IUCN), Cambridge, UK; and McGill University, Montreal, Canada. We kindly ask users to cite HydroBASINS in any published material produced using the data. If possible, online links to the HydroSHEDS website (http://www.hydrosheds.org) should be provided. Citations and acknowledgements of the HydroBASINS data should be made as follows: Lehner, B., Grill G. (2013): Global river hydrography and network routing: baseline data and new approaches to study the world’s large river systems. Hydrological Processes, 27(15): 2171–2186. Data is available at www.hydrosheds.org.
</idCredit><idAbs>&lt;DIV STYLE="text-align:Left;"&gt;&lt;DIV&gt;&lt;DIV&gt;&lt;P&gt;&lt;SPAN&gt;All HydroBASINS layers were derived from World Wildlife Fund’s HydroSHEDS data based on a grid resolution of 15 arc-seconds (approximately 500 m at the equator). Watersheds were delineated in a consistent manner at different scales, and a hierarchical sub-basin breakdown was created following the topological concept of the Pfafstetter coding system. The resulting polygon layers are termed HydroBASINS and represent a subset of the HydroSHEDS database. This shapefile contains (sub-)basin polygons for North America at Pfafstetter level 8.&lt;/SPAN&gt;&lt;/P&gt;&lt;/DIV&gt;&lt;/DIV&gt;&lt;/DIV&gt;</idAbs><envirDesc Sync="TRUE">Microsoft Windows 10 Version 10.0 (Build 22631) ; Esri ArcGIS 13.3.2.52636</envirDesc><dataLang><languageCode value="eng" Sync="TRUE"></languageCode><countryCode value="USA" Sync="TRUE"></countryCode></dataLang><spatRpType><SpatRepTypCd value="001" Sync="TRUE"></SpatRepTypCd></spatRpType></dataIdInfo><mdLang><languageCode value="eng" Sync="TRUE"></languageCode><countryCode value="USA" Sync="TRUE"></countryCode></mdLang><distInfo><distFormat><formatName Sync="TRUE">Shapefile</formatName></distFormat><distTranOps><transSize Sync="TRUE">0.000</transSize></distTranOps></distInfo><mdHrLv><ScopeCd value="005" Sync="TRUE"></ScopeCd></mdHrLv><mdHrLvName Sync="TRUE">dataset</mdHrLvName><refSysInfo><RefSystem><refSysID><identCode code="4326" Sync="TRUE"></identCode><idCodeSpace Sync="TRUE">EPSG</idCodeSpace><idVersion Sync="TRUE">6.2(3.0.1)</idVersion></refSysID></RefSystem></refSysInfo><spatRepInfo><VectSpatRep><geometObjs Name="hybas_na_lev08_v1cSWCASC"><geoObjTyp><GeoObjTypCd value="002" Sync="TRUE"></GeoObjTypCd></geoObjTyp><geoObjCnt Sync="TRUE">0</geoObjCnt></geometObjs><topLvl><TopoLevCd value="001" Sync="TRUE"></TopoLevCd></topLvl></VectSpatRep></spatRepInfo><spdoinfo><ptvctinf><esriterm Name="hybas_na_lev08_v1cSWCASC"><efeatyp Sync="TRUE">Simple</efeatyp><efeageom code="4" Sync="TRUE"></efeageom><esritopo Sync="TRUE">FALSE</esritopo><efeacnt Sync="TRUE">0</efeacnt><spindex Sync="TRUE">FALSE</spindex><linrefer Sync="TRUE">FALSE</linrefer></esriterm></ptvctinf></spdoinfo><eainfo><detailed Name="hybas_na_lev08_v1cSWCASC"><enttyp><enttypl Sync="TRUE">hybas_na_lev08_v1cSWCASC</enttypl><enttypt Sync="TRUE">Feature Class</enttypt><enttypc Sync="TRUE">0</enttypc></enttyp><attr><attrlabl Sync="TRUE">FID</attrlabl><attalias Sync="TRUE">FID</attalias><attrtype Sync="TRUE">OID</attrtype><attwidth Sync="TRUE">4</attwidth><atprecis Sync="TRUE">0</atprecis><attscale Sync="TRUE">0</attscale><attrdef Sync="TRUE">Internal feature number.</attrdef><attrdefs Sync="TRUE">Esri</attrdefs><attrdomv><udom Sync="TRUE">Sequential unique whole numbers that are automatically generated.</udom></attrdomv></attr><attr><attrlabl Sync="TRUE">Shape</attrlabl><attalias Sync="TRUE">Shape</attalias><attrtype Sync="TRUE">Geometry</attrtype><attwidth Sync="TRUE">0</attwidth><atprecis Sync="TRUE">0</atprecis><attscale Sync="TRUE">0</attscale><attrdef Sync="TRUE">Feature geometry.</attrdef><attrdefs Sync="TRUE">Esri</attrdefs><attrdomv><udom Sync="TRUE">Coordinates defining the features.</udom></attrdomv></attr><attr><attrlabl Sync="TRUE">HYBAS_ID</attrlabl><attalias Sync="TRUE">HYBAS_ID</attalias><attrtype Sync="TRUE">Double</attrtype><attwidth Sync="TRUE">11</attwidth><atprecis Sync="TRUE">11</atprecis><attscale Sync="TRUE">0</attscale></attr><attr><attrlabl Sync="TRUE">NEXT_DOWN</attrlabl><attalias Sync="TRUE">NEXT_DOWN</attalias><attrtype Sync="TRUE">Double</attrtype><attwidth Sync="TRUE">11</attwidth><atprecis Sync="TRUE">11</atprecis><attscale Sync="TRUE">0</attscale></attr><attr><attrlabl Sync="TRUE">NEXT_SINK</attrlabl><attalias Sync="TRUE">NEXT_SINK</attalias><attrtype Sync="TRUE">Double</attrtype><attwidth Sync="TRUE">11</attwidth><atprecis Sync="TRUE">11</atprecis><attscale Sync="TRUE">0</attscale></attr><attr><attrlabl Sync="TRUE">MAIN_BAS</attrlabl><attalias Sync="TRUE">MAIN_BAS</attalias><attrtype Sync="TRUE">Double</attrtype><attwidth Sync="TRUE">11</attwidth><atprecis Sync="TRUE">11</atprecis><attscale Sync="TRUE">0</attscale></attr><attr><attrlabl Sync="TRUE">DIST_SINK</attrlabl><attalias Sync="TRUE">DIST_SINK</attalias><attrtype Sync="TRUE">Double</attrtype><attwidth Sync="TRUE">10</attwidth><atprecis Sync="TRUE">9</atprecis><attscale Sync="TRUE">1</attscale></attr><attr><attrlabl Sync="TRUE">DIST_MAIN</attrlabl><attalias Sync="TRUE">DIST_MAIN</attalias><attrtype Sync="TRUE">Double</attrtype><attwidth Sync="TRUE">10</attwidth><atprecis Sync="TRUE">9</atprecis><attscale Sync="TRUE">1</attscale></attr><attr><attrlabl Sync="TRUE">SUB_AREA</attrlabl><attalias Sync="TRUE">SUB_AREA</attalias><attrtype Sync="TRUE">Double</attrtype><attwidth Sync="TRUE">10</attwidth><atprecis Sync="TRUE">9</atprecis><attscale Sync="TRUE">1</attscale></attr><attr><attrlabl Sync="TRUE">UP_AREA</attrlabl><attalias Sync="TRUE">UP_AREA</attalias><attrtype Sync="TRUE">Double</attrtype><attwidth Sync="TRUE">10</attwidth><atprecis Sync="TRUE">9</atprecis><attscale Sync="TRUE">1</attscale></attr><attr><attrlabl Sync="TRUE">PFAF_ID</attrlabl><attalias Sync="TRUE">PFAF_ID</attalias><attrtype Sync="TRUE">Integer</attrtype><attwidth Sync="TRUE">9</attwidth><atprecis Sync="TRUE">9</atprecis><attscale Sync="TRUE">0</attscale></attr><attr><attrlabl Sync="TRUE">ENDO</attrlabl><attalias Sync="TRUE">ENDO</attalias><attrtype Sync="TRUE">Integer</attrtype><attwidth Sync="TRUE">6</attwidth><atprecis Sync="TRUE">6</atprecis><attscale Sync="TRUE">0</attscale></attr><attr><attrlabl Sync="TRUE">COAST</attrlabl><attalias Sync="TRUE">COAST</attalias><attrtype Sync="TRUE">Integer</attrtype><attwidth Sync="TRUE">6</attwidth><atprecis Sync="TRUE">6</atprecis><attscale Sync="TRUE">0</attscale></attr><attr><attrlabl Sync="TRUE">ORDER_</attrlabl><attalias Sync="TRUE">ORDER_</attalias><attrtype Sync="TRUE">Integer</attrtype><attwidth Sync="TRUE">6</attwidth><atprecis Sync="TRUE">6</atprecis><attscale Sync="TRUE">0</attscale></attr><attr><attrlabl Sync="TRUE">SORT</attrlabl><attalias Sync="TRUE">SORT</attalias><attrtype Sync="TRUE">Double</attrtype><attwidth Sync="TRUE">11</attwidth><atprecis Sync="TRUE">11</atprecis><attscale Sync="TRUE">0</attscale></attr></detailed></eainfo><mdDateSt Sync="TRUE">20250304</mdDateSt></metadata>
